Date,Vhembe,dis35AWRI,dis48AWRI,dis49AWRI,dis50AWRI,dis63AWRI,dis64AWRI,dis65AWRI,dis76AWRI,dis77AWRI,dis86AWRI,dis35EDI,dis48EDI,dis49EDI,dis65EDI,dis76EDI,dis35rainfall,dis48rainfall,dis49rainfall,dis50rainfall,dis63rainfall,dis64rainfall,dis65rainfall,dis76rainfall,dis77rainfall,dis86rainfall,TempThabazimi,TemLEPHALALE,TempPOLOKWANE,TempTHOHOYANDOUAWS,humidityTha,humidityLe,humidityPol,humidityThou,TempHOEDSPRUIT,humidityHoe
1998-01-31 00:00:00,244,170.2,287.1,435.1,194.6,285,130.4,148.2,218.7,144.2,292.4,-0.8,-0.24,0.21,-0.5,-0.62,89,125.7,248.8,110.5,71.1,33.5,69.9,74.2,46.7,122.7,22.49554367,26.29407008,22.81451613,24.66760753,54.55510753,63.44804318,69.98387097,79.62903226,25.68239247,76.25
1998-02-28 00:00:00,562,133.6,236.6,361,148.4,269.1,131.2,114.9,201.7,133.4,257.8,-1.19,-0.66,-0.57,-0.94,-0.89,11.9,30.4,52.1,11.5,56.9,35.4,9.1,41.6,28.7,47.6,24.81799163,27.0827381,22.64672619,24.53159558,71.76150628,55.55803571,68.5639881,76.56528662,25.52083333,75.7514881
1998-03-31 00:00:00,312,114.2,201.9,324.6,129.1,219.1,139.2,117,185.2,159.4,237.7,-1.33,-0.97,-0.74,-0.91,-1.27,13.3,24,53.2,17.9,16.3,41.4,30.8,34.2,60.1,46.5,26.62332696,27.23709677,22.60362903,25.0797043,57.65200765,54.21236559,65.28360215,69.35752688,25.66182796,71.5483871
1998-04-30 00:00:00,269,93.8,184.6,281.7,103.5,200.3,125.7,97.2,154.4,153.5,186,-1.45,-0.99,-0.79,-1.09,-1.48,5.3,28.3,32,3.9,30.1,21,8.2,13,35,5,22.02,23.5775,19.41888889,21.46513889,56.44285714,54.83055556,63.97083333,74.32083333,23.62097222,70.26944444
1998-05-31 00:00:00,101,73.5,142.5,218.8,80.9,154.6,96.2,75.6,119.6,115.9,145.2,-1.49,-1.03,-0.87,-1.15,-1.51,0,0,0.2,0,0.1,0,0,0,0,0,16.28830645,18.53655914,15.74596774,18.83521505,48.50806452,44.16129032,46.74731183,57.95430108,21.13010753,56.52688172
1998-06-30 00:00:00,17,57.9,112,172.3,63.7,121.1,75.6,59.5,94.2,91,114.7,-1.55,-1.06,-0.94,-1.18,-1.57,0,0.2,0.3,0,0,0,0,0,0,0,12.59069374,15.35805556,13.16847222,16.56833333,52.33502538,49.69444444,50.2875,60.60694444,18.78166667,59.19027778
1998-07-31 00:00:00,9,49.4,110.8,173.7,54.8,93.6,59.1,46.3,73.4,71.5,89.5,-1.56,-0.8,-0.63,-1.15,-1.54,4.5,23.9,39.8,5.5,0,0,0,0,0,0,13.62634409,15.39583333,12.93965054,16.15147849,53.31317204,54.11290323,58.66263441,68.6922043,17.74475806,68.09543011
1998-08-31 00:00:00,39,39.2,86.5,139.5,44.2,70.9,45.3,35.1,56.3,55.4,68.5,-1.6,-0.88,-0.71,-1.23,-1.67,2.4,4.8,10.8,3.5,0.8,0.1,0,0.7,0,0.6,16.20833333,17.34260753,14.22110215,17.41948925,47.18548387,49.12634409,52.60349462,63.67607527,19.09206989,64.8938172
1998-09-30 00:00:00,141,42.3,79.6,141.8,41.3,83.3,37.8,28.9,50,47.3,82.1,-1.52,-0.83,-0.54,-1.27,-1.46,14.3,17.1,40.3,9.9,33.1,4.5,3.6,9.5,5.8,32.7,22.46708333,21.98166667,17.80194444,19.80416667,43.51527778,45.71111111,54.85694444,63.67777778,21.3775,64.59861111
1998-10-31 00:00:00,221,106.6,132.7,212.1,72,140.8,64.2,38.3,76.4,67,114.6,0.06,-0.42,0.32,-1.33,-1.33,77.7,77.3,112.2,43.6,85.6,38.3,18.7,43,33.5,59.3,24.0625,23.56518817,19.22002688,20.05456989,54.55510753,58.17876344,67.09274194,80.56048387,21.8766129,74.03629032
1998-11-30 00:00:00,260,147.6,208.8,263.6,132.9,207.1,111.2,96,145.2,131.1,223.5,0.09,0.34,0.3,-0.72,-0.82,75.7,118.9,117.1,84.3,112.7,68.4,70.8,94.8,85.8,146.2,24.30097222,24.75208333,20.30375,21.26833333,60.57083333,61.37916667,71.84305556,81.27222222,21.60597222,80.2125
1998-12-31 00:00:00,626,232.3,333.6,468.2,223,314.4,167.6,175,250.3,273.3,341.5,0.88,1.4,2.22,0.88,0.8,128.1,187.4,281.9,131,169.7,90.4,109.8,150.8,182.9,187.5,22.2,24.08427419,20.31989247,22.88266129,78,73.88037634,77.88172043,86.80376344,23.39126344,85.48387097
1999-01-31 00:00:00,376,295.6,425.9,542.3,240.5,318.2,208.3,198,263.8,228.7,317.8,0.71,1.03,0.95,0.25,0.08,130.1,189.2,213.1,83.3,93.7,89.4,75.5,87.5,37.6,75.7,22.49554367,25.14704301,21.225,24.29811828,54.55510753,70.51612903,76.46908602,82.2016129,24.74852151,83.98521505
1999-02-28 00:00:00,759,434.7,420.6,605.6,247.8,263.9,169,175.5,219.4,194.9,254.1,1.44,0.57,0.68,-0.16,-0.67,218.2,109.8,208,69.9,27.4,17.6,30.2,25,23.7,16.3,25.81500816,25.55625,21.33139881,23.23422619,66.40619902,66.65922619,72.76785714,90.8452381,23.35014881,88.85416667
1999-03-31 00:00:00,694,391.2,418.7,618.5,221.1,260.7,148.7,151.5,209.7,189.3,245.8,1.26,0.59,0.85,-0.46,-0.94,74.2,102.2,167.8,34.4,56.7,19.5,17.9,40.9,39.8,48.1,26.28373656,24.67392473,20.37916667,23.40712366,65.39650538,65.32123656,74.2688172,89.46505376,22.67741935,73.04973118
1999-04-30 00:00:00,915,308.1,345.1,521.8,190.7,233.5,120.9,121.2,170,151.9,220.3,1.08,0.53,0.91,-0.71,-1.26,10.3,26.9,54.7,20.1,33.5,5.4,3.3,8.3,6.5,30.1,24.21694444,22.04444444,18.29541667,21.46458333,60.15555556,60.83055556,67.02361111,84.84861111,22.03388889,71.59027778
1999-05-31 00:00:00,610,250.4,285.1,440.9,156.3,209.1,102.5,103.1,154.3,139.4,209.1,0.95,0.5,0.89,-0.61,-0.86,8.2,15.8,36.2,7.6,28.3,7,7,20.4,19.8,38.1,20.84005376,18.5436828,15.34354839,18.78454301,71.53763441,65.04032258,66.22715054,83.06989247,19.55120968,66.59677419
1999-06-30 00:00:00,122,204.3,226.8,361.5,128.9,161.8,80.9,82.5,125.1,109.6,162.4,1.04,0.48,0.94,-0.6,-0.83,6.4,3.3,17.6,6.2,0.5,0.5,1.5,5.4,1.5,2.2,14.81908078,14.88722222,12.50833333,16.17680556,63.99164345,58.84027778,54.5125,75.325,17.59875,55.36527778
1999-07-31 00:00:00,31,173.8,188.2,330.9,109.7,126,68.8,69.6,101.5,85.6,126,1.19,0.49,1.27,-0.49,-0.76,13.4,10.9,49.6,9.5,0.4,5.8,5.2,4.5,0.4,0.4,13.27876344,15.23548387,12.2655914,16.57271505,61.91666667,60.96908602,62.60215054,75.79569892,17.48884409,60.02956989
1999-08-31 00:00:00,97,136.2,147.4,256.7,83.8,102.2,52,52.8,80.1,66.8,95.9,1.12,0.36,1,-0.58,-0.84,2.8,3.2,5.3,0.5,6.2,0.1,0,3,1.5,0,16.40860215,17.96129032,14.5202957,17.64018817,45.11155914,47.84075574,52.21102151,52.20430108,19.18104839,56.40188172
1999-09-30 00:00:00,335,110,115.3,206.2,66.9,94.3,39.2,49.5,62.5,50.7,77.7,0.49,-0.1,0.51,-0.51,-1.01,7.8,5.5,12.9,4.7,19.8,1.2,10.7,3.6,1.8,7.5,20.52902778,20.22544643,16.57847222,19.62759104,42.70571827,44.81845238,51.73472222,51.64473684,20.49180556,55.70138889
1999-10-31 00:00:00,377,123.6,130.2,193.2,100.2,106.8,57.9,68.3,71.7,62.5,77.7,0.49,-0.12,0.02,-0.27,-1.3,44.9,48.6,43.3,53.3,41.8,31.3,34.5,28.4,27.9,24.2,15.3,22.62096774,18.10329513,20.31209677,60,51.13709677,59.22492837,62.09946237,21.59126344,65.00806452
1999-11-30 00:00:00,969,219.8,209.1,272.7,165.4,136.3,162.5,112.4,153.3,101.4,105.8,1.59,0.34,0.44,0.09,-0.47,135.4,121.8,138.2,98.3,64.2,124.8,67.3,106.1,61.1,55.1,22.49554367,25.12486111,20.75902778,22.77736111,54.55510753,63.80555556,66.21527778,71.02777778,23.34305556,70.51666667
1999-12-31 00:00:00,403,195.9,284,331.3,176.1,262.1,193.7,144.8,226,142.8,245.4,0.28,0.59,0.35,0.07,0.23,47,143.2,146.5,63.1,168.8,83.9,68.4,122.9,75.4,174.7,22.49554367,20.3,21.48024194,23.98104839,54.55510753,77,69.1733871,72.06048387,24.7858871,69.92876344
2000-01-31 00:00:00,393,402.8,368.7,584.8,299,293.4,241.9,232.5,309.4,218.5,371.5,1.88,0.5,1.24,0.78,0.79,263.5,170.3,353.1,172.4,110,103.1,129.4,149.6,117.2,201.3,22.60484522,24.1243607,20.65430108,22.62862903,82.81292059,75.58411844,74.15322581,78.65188172,23.24099462,75.52016129
2000-02-29 00:00:00,242,830.3,789.9,1553.6,685.1,340.9,389.1,504.3,418.6,405.7,459.8,4.81,3.14,5.51,4.27,1.92,548.3,524.7,1142.2,471.5,126.6,211.7,337.2,194.6,248.9,193.9,24.7954023,25.63045977,20.60360231,22.82068966,83.78304598,76.0862069,80.08645533,84.50574713,23.54267241,81.43678161
2000-03-31 00:00:00,573,711.3,874.5,1447.9,634.8,360.2,342.9,555.1,386.7,377.1,431.9,4.2,4.03,5.37,5.55,1.98,122.9,314.5,359.7,150.2,108.6,61,197,81.2,87.5,95.7,24.08198925,22.7608,20.47061995,22.71169355,85.12365591,79.60533333,79.12803235,82.92741935,23.39731183,80.94892473
2000-04-30 00:00:00,614,572.5,736.5,1164.4,503.9,323.4,326.7,437,380.8,366.8,383.8,4.22,4.47,5.51,5.31,3.09,34,90.2,83.1,27.8,53.3,65.7,26.3,87.4,83,56.9,19.25666667,19.57222222,16.71986111,19.77416667,84.44444444,76.92638889,76.48472222,77.96527778,20.51083333,77.13194444
2000-05-31 00:00:00,198,462.4,583.9,924.9,404.8,266.5,266.8,346.6,307.6,315,306.7,3.9,3.94,4.8,4.9,2.87,14.4,16.5,19.1,11.3,18.3,16.2,6.9,17,35.4,10.4,13.84249649,15.15241935,12.8891129,16.61747312,78.74474053,72.53629032,68.46908602,72.86155914,17.81626344,68.95564516
2000-06-30 00:00:00,82,387.2,509.4,791.8,341.4,223,225.9,290,266.1,254.5,258.2,4.37,4.64,5.38,5.45,3.57,20.8,48.3,58.3,20.6,14.6,16.9,15.3,25.3,9.4,16.2,14.24180556,14.70833333,12.29833333,16.08722222,82.95555556,75.69861111,73.97083333,74.68194444,17.44277778,70.45972222
2000-07-31 00:00:00,75,314.6,402.5,634.4,277.6,178.1,176.9,229,208,200.4,203.4,4.36,4.25,4.94,4.81,3.31,9.4,3.1,10.8,8.6,3.9,0.4,0,0.5,0,0.6,13.02715054,13.22043011,10.81384409,14.88413978,69.61424731,65.42375169,62.96236559,67.58198925,16.41680108,62.24462366
2000-08-31 00:00:00,92,246.3,316.7,500.3,217.6,140.3,138.2,183.4,162.4,158,159.9,4.36,4.16,4.64,5.02,3.28,0.4,0.3,1,0.4,2.2,0.1,3.1,0,0.2,0.8,15.17436709,16.97594086,13.47634409,16.45219178,60.57188498,59.09005376,59.30376344,63.50136986,18.15551075,61.35215054
2000-09-30 00:00:00,106,202,257.3,439.9,173.8,115.6,106.4,141.3,127.3,122.3,123.1,2.97,2.96,4.21,3.34,1.42,12.9,12,52.3,6.5,9,0.8,0,2.8,0,1,23.10740157,21.03194444,17.16875,19.61444444,51.46299213,55.54305556,57.98194444,65.38194444,20.81069444,60.91944444
2000-10-31 00:00:00,978,174.6,239.2,413.1,169.3,144.8,125.4,132.1,148.6,103,141.7,1.8,2.09,3.49,2.13,1.46,26.1,47.2,86.9,40.9,60.6,47.5,26.8,54.8,11.5,51.4,26.40786749,23.86634877,19.29166667,21.58870968,52.89397089,61.27384196,62.06048387,65.51075269,22.26424731,63.8655914
2000-11-30 00:00:00,1303,201.1,259.2,416.6,193.9,226.1,157.3,149.1,180.8,101.2,198.1,1.2,1.22,2.63,1.11,0.4,79.6,90,124.3,75.7,126.3,71.5,56.5,78.4,28.3,101.4,24.88458716,24.27972222,19.24708333,22.30652778,63.28256881,65.69722222,70.8375,69.91388889,22.78611111,69.36944444
2000-12-31 00:00:00,797,189.6,290.4,397.4,173.8,284.9,176.8,155,199,113.1,228.5,0.17,0.69,1.25,0.34,-0.41,54.6,113.3,112.5,42.3,130.2,68.9,54.4,75.2,44.9,95.5,27.36505376,25.82056452,21.05604839,23.94517906,69.18548387,66.20295699,67.56451613,64.3030303,24.83387097,65.54973118
2001-01-31 00:00:00,560,132.1,225.7,301.9,133.6,259.6,140.9,123,174.1,96,193.8,-1.09,-0.83,-0.71,-0.9,-1.23,7.1,28.7,36,16.7,58.1,17.7,19.3,35.4,21.3,35.4,29.73965054,26.80134409,21.80026882,24.64704301,57.89784946,61.00268817,61.96102151,60.93951613,24.61532258,65.74731183
2001-02-28 00:00:00,516,261.5,380.4,592.4,207.2,259.3,173.2,171.6,240.9,146.5,271.7,0.06,0.29,0.61,-0.08,-0.28,173.2,225.4,391.4,117.2,68.2,71.6,88.6,115.4,82.2,130.8,24.4735119,24.64345238,20.55089286,22.53258929,74.37797619,75.03125,73.00744048,77.87202381,23.68497024,74.59375
2001-03-31 00:00:00,253,278.9,335.2,561.4,207.8,221.8,170,167.5,195,132.2,217.6,0.22,-0.03,0.54,-0.04,-0.99,94.9,68.6,146.7,61,28.3,43.7,46.6,21.3,29.7,20.7,24.04936248,23.46091644,19.68561828,21.97284946,75.86313869,79.37196765,75.49462366,79.7594086,23.48158602,75.49462366
2001-04-30 00:00:00,360,234.7,270.4,491.4,184.8,188.9,156.6,151.9,174.8,116.2,204.7,0.21,-0.21,0.69,0.06,-0.94,29,19.3,73.5,30.2,18.4,29.7,26.8,26.9,18.7,38.1,21.88460237,21.01486111,17.90347222,20.61861111,79.09137056,77.92222222,75.49861111,76.54444444,22.19333333,74.26388889
2001-05-31 00:00:00,511,191.1,221.7,405.3,151,182.1,125.4,129.8,149.6,96.8,189.1,0.12,-0.21,0.6,0.16,-0.73,11,11.9,28.8,9.9,35.1,5.9,13.6,15.1,8.2,31.7,14.4964467,17.33400538,14.2858871,17.49610215,71.81725888,70.62231183,65.90725806,70.64112903,19.49032258,65.64112903
2001-06-30 00:00:00,47,152.6,178.5,326.5,120.5,143.9,100.8,110.3,120.7,90.5,151.3,0.1,-0.2,0.58,0.19,-0.72,3.3,5.1,10.9,3,4.5,3.1,9.7,4.8,14.9,6,11.85972222,14.95375,11.80680556,15.59305556,69.05416667,68.31527778,63.60555556,67.44583333,17.80888889,60.82083333
2001-07-31 00:00:00,30,122.9,142.9,277.6,104.2,112.8,80.3,85.8,94.1,69.9,118,0.05,-0.27,0.62,0.05,-0.76,2.8,2.6,21.5,9.8,1.5,1.5,0,0,0,0.2,12.14905914,14.25497312,11.22204301,15.08521505,57.9233871,64.44758065,57.77284946,61.58870968,17.01774194,55.90860215
2001-08-31 00:00:00,27,96.6,112,216.9,80.1,86.1,61.9,66.8,72.7,54.6,91.3,-0.05,-0.37,0.41,-0.03,-0.91,0.6,1.1,2.5,0,0,0,0,0,0,0,17.45174731,18.91021505,15.61317204,18.2813172,45.40755735,55.13037634,55.79032258,62.92069892,19.71182796,61.32795699
2001-09-30 00:00:00,370,87.2,87.1,183.9,63.2,66.9,46.5,51.9,56.2,42.1,73.9,-0.14,-0.59,0.16,-0.43,-1.08,13.4,2.5,18.8,2.4,3.3,0.1,0.9,1.8,0.1,5.1,20.64768,21.32458333,17.24805556,19.8475,43.91639871,43.93233083,53.96105702,59.31388889,20.9575,57.33888889
2001-10-31 00:00:00,400,72.9,140.7,189.4,63.3,130.1,83.2,52.2,90.6,55.7,128.1,-0.76,0.01,-0.04,-0.75,-0.74,9.3,77.9,54.3,17.2,83.7,50.3,14.2,50.9,24.4,75.3,23.75510753,22.87419355,19.44758065,22.63924731,53.64784946,53.84672619,63.17069892,60.24462366,23.0516129,62.60080645
2001-11-30 00:00:00,546,231.2,300.6,407.1,160,300,214.6,159.9,310.9,218.8,282.8,1.82,1.94,2.49,1.41,3.51,179.9,205.1,273.6,116,213.2,158.4,123.8,249.8,180.1,195.9,22.26415094,22.00694444,19.40143062,22.41694444,72.39386792,53.84672619,79.92350487,74.81666667,23.09944444,75.39027778
2001-12-31 00:00:00,409,282,322.5,473.3,203,379.7,228.8,165.5,328.5,210.2,279.7,1.71,1.22,2.29,0.62,2.64,124.4,116.3,193.6,93.5,173.3,81.4,56.7,116,60.9,84.6,24.38897397,24.95667575,21.05497312,22.98037634,64.51376147,53.84672619,77.92876344,76.97311828,24.0327957,74.23924731
2002-01-31 00:00:00,375,271,344.3,488.3,186.6,378.4,228.9,153.6,288.3,189.5,246.8,0.44,0.27,0.58,-0.43,0.47,70.3,112.1,151.5,42.4,105,62.7,34.5,49.9,36.2,42.8,26.19012876,27.24274194,22.16384409,24.57043011,53.41917024,53.84672619,67.8172043,66.86424731,25.92688172,63.65591398
2002-02-28 00:00:00,421,205.1,276.6,392.7,145,388.2,196.2,131.6,264.8,184.3,234,-0.52,-0.43,-0.41,-0.73,-0.08,6.8,25.1,39.2,8,106.2,26.3,18.2,47.6,42.1,48.8,25.71160714,26.81056548,21.44955357,23.50580357,54.36458333,53.84672619,69.87053571,67.94047619,24.42127976,68.93154762
2002-03-31 00:00:00,506,167.1,225.7,339.3,125.7,342.6,157.3,106.1,218.9,146.1,196.6,-0.78,-0.85,-0.65,-1.09,-0.76,8.7,12.5,39.4,14.1,49.5,6.8,5.8,15.5,6,18.1,23.87729885,25.95241935,21.22782258,23.76801075,57.15086207,53.84672619,62.45698925,61.88709677,24.55927419,65.62365591
2002-04-30 00:00:00,419,153.9,220.7,291.8,108,297.7,151.5,109,233.8,180.5,179.9,-0.71,-0.7,-0.69,-0.89,0.05,22.3,43.2,28.8,10.3,33.5,28,26.2,62.5,66.1,27.5,20.93941504,22.64541667,19.24944444,21.09277778,56.2729805,53.84672619,63.73611111,67.08055556,22.92972222,64.85555556
2002-05-31 00:00:00,189,124.9,175.3,233.2,88.3,236.1,126.7,90.6,190.6,147.8,160.6,-0.74,-0.72,-0.71,-0.84,0.04,5.2,5,5.8,3.9,4.8,9.5,7.3,12.4,12.4,21.8,16.03051075,18.16706989,15.41975806,18.6608871,49.33467742,53.84672619,55.06182796,58.28897849,20.425,55.58736559
2002-06-30 00:00:00,61,115.5,145.9,229,78.3,191.9,114.9,76.1,154.7,122.7,125.5,-0.52,-0.65,-0.37,-0.75,0.1,17.9,9,46.3,9.4,6.2,16.5,6,6.9,8.8,1.9,12.34416667,14.38166667,12.09333333,15.55055556,58.34861111,53.84672619,63.79137691,65.52916667,17.32888889,60.14444444
2002-07-31 00:00:00,14,90.7,114,176,59.9,154.9,87.7,58.5,119.9,95,96.9,-0.58,-0.71,-0.5,-0.79,-0.03,2.9,1.7,2.9,0.2,5.5,0.3,0,0.4,0.3,0.1,12.08051075,14.10080645,12.35443548,16.06357527,38.50134409,53.84672619,49.19758065,53.98655914,18.07204301,47.85887097
2002-08-31 00:00:00,10,71.5,88,145.5,46.8,137.3,66.5,44.7,91.9,73.6,95.4,-0.62,-0.79,-0.52,-0.86,-0.19,3.3,1.9,12.4,1.6,19.5,0.1,0.2,0.7,0.8,22.1,18.10067204,19.22634409,15.58803763,18.46034946,46.27553763,53.84672619,61.41935484,63.31854839,20.01760753,59.65322581
2002-09-30 00:00:00,238,64.1,86.2,126.3,45.4,124.9,55.3,42,70.5,56.7,70.6,-0.63,-0.64,-0.57,-0.8,-0.56,12.4,22.7,20.5,11.6,25.4,6.8,9.2,3.5,2,2.7,21.17861111,21.095,16.88069444,19.43583333,32.69722222,53.84672619,53.83611111,56.675,20.96916667,55.24166667
2002-10-31 00:00:00,146,63.5,74.4,174.9,51,185.8,65.9,59.2,111.1,75.3,125.8,-0.87,-1.1,-0.26,-0.63,0.11,19.9,16.8,87.6,20.5,99.8,28.5,30.7,63.4,35.7,77.5,24.25985294,24.75389785,20.16303763,21.5922043,44.12647059,53.84672619,56.60483871,60.72812921,22.99448925,56.84811828
2002-11-30 00:00:00,133,67.6,54,154.2,48,154.9,46,46.9,80.7,49.8,120.9,-1.31,-1.98,-1.02,-1.64,-1.98,26.9,5.8,38,15,30.1,3.2,8,8.7,0.2,37.1,26.13972222,26.71652778,20.52253129,21.87223022,41.45972222,53.84672619,53.43115438,59.57122302,22.75611111,57.29861111
2002-12-31 00:00:00,303,116,95.3,225.4,102.8,229.5,84.5,57.1,142.3,90.9,205.6,-1.15,-2.52,-1.04,-2.36,-1.8,70.1,58.7,117.1,70,119.9,52.4,23.8,85.2,55.2,119.1,25.74180108,28.30376344,22.17889785,24.68822674,61.30376344,53.84672619,64.10483871,60.55668605,25.33857527,62.68951613
2003-01-31 00:00:00,1169,129.6,134.5,244.8,137.4,241.5,124,51.7,173.7,107.5,248.6,-1.27,-1.8,-1.12,-2.17,-1.41,48.3,69.2,85.2,65.6,79,65.4,10.8,73.8,44.1,102.5,26.99729364,29.05537634,23.37983871,25.00094213,53.59810555,53.84672619,61.85483871,68.46433378,26.66196237,59.68951613
2003-02-28 00:00:00,400,137.7,157.4,272.6,130.2,247.6,124,130.7,194.8,118.4,232.6,-1.23,-1.43,-1.1,-1.06,-1.09,42.6,61.3,92.6,30.8,70.9,35.4,92.2,69.4,41.4,51.4,26.68988095,29.25952381,23.7422619,25.51481481,51.79166667,53.84672619,61.6889881,67.37784522,26.91979167,61.5
2003-03-31 00:00:00,197,184.3,158.9,294.5,142.2,203.1,123.3,118.6,155.2,92.5,191.8,-0.85,-1.54,-1.02,-1.22,-1.9,81.7,43.7,92.3,44.4,18,31.3,26.4,11.7,5.7,16.3,25.05712366,27.0172043,21.99596774,23.70322581,45.07493188,51.71472393,60.84811828,73.37231183,25.49489247,63.83736559
2003-04-30 00:00:00,292,143.5,129.5,224,108.3,175.3,92.7,88.4,126.2,70.4,152.5,-1.04,-1.77,-1.28,-1.53,-2.2,8.2,10.8,3.9,1.4,18.2,0,0,7.2,0.1,3.8,23.27569444,23.95875,19.91111111,21.91666667,43.51532033,49.24027778,62.15416667,69.55277778,23.24861111,63.14444444
2003-05-31 00:00:00,233,112,101.9,180,88,139.4,72.7,69.3,100.7,55.5,120.1,-1.12,-1.75,-1.28,-1.58,-2.16,1,1.4,5.4,3.1,3,0,0,1.6,0,0,16.35268817,18.69462366,16.10228495,18.89233871,43.43319838,47.97446237,57.1827957,65.16666667,20.13830645,61.56989247
2003-06-30 00:00:00,42,115.3,110.1,191.7,91.3,111.4,67.9,63,88.2,60.9,101.7,-0.89,-1.53,-1.01,-1.48,-2.04,27.2,29.7,50.9,22,2.4,10.5,8.1,8.7,16.9,6.8,13.46347222,15.58396095,12.00097222,16.00555556,64.01527778,69.18967922,71.18472222,78.4375,17.61083333,64.91805556
2003-07-31 00:00:00,24,88.2,84.1,146.6,70.1,86.6,52.4,48.9,68.3,46,78.5,-1.01,-1.63,-1.14,-1.51,-2.06,0.2,0.5,1.8,0.6,0.5,0,0,0,0,0,11.73145161,14.59593496,11.58447802,15.03051075,48.8954608,51.96476965,53.21565934,65.93145161,17.53360215,52.93817204
2003-08-31 00:00:00,13,69.2,65,114.3,54.6,67.2,40.5,38,52.4,35.2,59.2,-1.1,-1.74,-1.24,-1.58,-2.26,0.9,0,2,0.6,1.9,0,0,0,0,0,15.79919355,17.26330645,14.03239247,17.68857527,33.393531,39.32392473,43.33109017,53.06586022,19.48642473,46.04704301
2003-09-30 00:00:00,185,60.5,57.2,117,43.7,53.6,32.7,29.9,41.8,26.8,46,-1.16,-1.71,-1.14,-1.65,-2.11,7.7,7.6,31,2.5,5.1,2.3,1.1,3.1,0.5,2.9,22.02697947,22.04833333,17.95583333,20.63277778,31.18181818,37.91388889,47.68055556,57.31805556,21.78833333,51.93194444
2003-10-31 00:00:00,643,120.9,77.9,174.5,67.1,67.7,37.1,41.3,61.3,37.8,69,0.43,-1.81,-0.89,-1.65,-2.19,76.6,35.8,90.9,35.2,31.4,13.7,19.6,32.3,18.8,38.2,25.43300283,25.21048387,20.85241935,22.37806191,40.04532578,43.0094086,52.63575269,63.243607,23.79731183,54.25268817
2003-11-30 00:00:00,269,127.7,112.1,196.7,80.7,138.4,81,64.5,101.9,59.1,129.8,-0.32,-1.98,-1.16,-1.86,-2.09,44.1,57.5,74.9,34.6,93.1,55.7,35.8,60.6,33.3,84.5,25.48419453,26.84606742,22.31661932,23.44180967,56.54009077,47.63483146,57.765625,67.44462541,24.66138889,59.60138889
2003-12-31 00:00:00,566,141.2,130.2,249,111.5,155.2,106.8,82.2,139.1,92.9,162.9,-0.67,-2.67,-1.31,-2.31,-2.63,50.4,52.5,109.7,55.8,62.1,52.3,37.9,70.2,52.8,75.7,27.39472954,28.07956989,23.70551075,24.69547511,51.0332871,47.15725806,57.34408602,67.81598793,26.39798387,57.02016129
2004-01-31 00:00:00,115,206.6,155.4,314.8,156,203.1,143.5,117.9,192.9,186.7,238.5,-0.33,-2.1,-1.03,-1.64,-1.65,104.4,62.7,136.4,77.3,92.5,68.5,60,95,121.6,123.2,25.31828411,26.44932796,22.94260753,24.57115118,67.30503597,58.92876344,64.65994624,69.81969487,25.65833333,65.58870968
2004-02-29 00:00:00,81,242.2,255.2,426.7,221.2,327.6,215.4,200.8,250.5,253.8,304.1,-0.25,-1.24,-0.66,0.18,-0.87,93.8,142.6,198.7,109.1,180.5,111.9,117.5,111.7,121.9,132.1,23.76744186,24.68951149,21.99267241,23.97772989,74.26362039,69.40373563,68.67097701,74.04022989,24.98045977,70.72988506
2004-03-31 00:00:00,533,359.1,339,702.8,332,357.9,252.5,210.9,306.2,342.9,371,0.96,-0.77,1.31,0.43,0.65,181.8,155.5,392.2,171.8,121.2,96.5,66.9,122.5,158.3,147.7,21.95430108,23.15954301,20.53387097,21.96733871,82.14112903,77.07930108,75.09139785,85.00806452,23.09637097,78.3561828
2004-04-30 00:00:00,348,299.7,289.3,589.9,253.5,294.1,204.1,168.9,273.2,273.1,316.8,0.98,-0.87,1.39,0.19,0.86,38,41.6,82.1,12.3,27.9,17.1,11.6,46.7,21.9,41.9,19.56652778,21.11944444,19.06763889,20.85152778,78.69444444,75.32916667,69.57638889,80.92638889,21.79277778,73.62777778
2004-05-31 00:00:00,261,229.4,222.3,451.2,196.3,233.8,161.9,131.4,209.7,213.3,250.5,0.65,-0.99,0.97,0.02,0.5,0.1,1.2,1.6,0.4,5.9,3.8,0,0.6,2.3,6.6,14.97956989,17.48585573,15.5983871,17.33924731,72.72983871,68.81612447,59.67473118,73.54973118,19.09126344,67.30510753
2004-06-30 00:00:00,64,182.5,180.1,364.2,158.3,186.8,137,104.2,169.9,168.8,200.8,0.64,-1.05,0.97,0.01,0.57,1.9,5.1,9.3,3,2.2,9.2,0,4.4,0,3.4,11.57121001,14.19055556,12.14902778,14.8475,68.30180807,64.23888889,59.99027778,73.09027778,16.78541667,60.87222222
2004-07-31 00:00:00,31,155.3,148.1,300.7,127.2,158.9,109.6,82.9,138,134.8,159.8,0.78,-1.1,0.9,-0.05,0.65,10.9,5.7,12.7,1.6,11.1,1.8,0,3.7,0.3,1.1,10.73856563,13.0063172,12.40604839,15.20967742,63.38670285,54.35752688,52.12634409,62.21370968,16.69717742,56.26344086
2004-08-31 00:00:00,29,126.5,118.1,253.6,100.1,123.5,85.7,65.1,107.8,106.4,125.3,0.83,-1.18,0.95,-0.13,0.53,6,2.2,18.5,0.2,0.2,0,0,0,0,0.1,17.04543011,18.30913978,16.35900538,18.37043011,50.9361413,47.15188172,49.04704301,61.13978495,20.09784946,58.10887097
2004-09-30 00:00:00,290,103.3,94.4,205.2,82.3,97.6,66.8,49.8,82.8,83.6,99.2,0.31,-1.26,0.5,-0.5,-0.26,7.1,3.7,11.6,5.2,3.3,1,0,0.1,1.4,3.4,19.90527778,20.65777778,17.58166667,19.61888889,41.94166667,39.36666667,46.79027778,55.60277778,20.64847222,52.64027778
2004-10-31 00:00:00,300,97.2,100,197,89.6,123.3,65.9,71.8,85.2,78.7,92,-0.18,-1.45,0.08,-0.1,-0.81,21.4,30,44.2,28.9,51.8,16.6,35.4,24.2,16.6,19.4,24.5517663,24.35752688,20.6188172,22.075,43.94836957,44.18817204,51.83064516,60.15188172,23.07473118,56.88575269
2004-11-30 00:00:00,343,90.8,132.6,185.5,95.5,203.6,89.8,69.7,108.7,86.3,136.2,-1.03,-1.59,-0.89,-1.06,-1.28,21.7,62.3,44.6,32.9,118.8,44.3,20.7,49.8,31.5,72.7,26.3125,27.11527778,23.39833333,25.78791667,53.97916667,45.59583333,50.81388889,52.78055556,25.73097222,60.30138889
2004-12-31 00:00:00,232,126.1,159.6,281.4,136.8,243.5,141.9,104,203.4,192.2,219.1,-0.85,-2.01,-0.28,-1.06,-0.32,63.3,68.3,152.3,71.3,103.6,81.1,56.1,129.7,134.4,127.3,24.21214953,24.98978495,22.62311828,25.19301075,77.38317757,67.05645161,63.08333333,65.80510753,25.74193548,64.78897849
2005-01-31 00:00:00,953,142.8,190.2,293.7,149.1,268.6,133.7,123.2,205.6,165.4,209.3,-0.93,-1.68,-0.7,-0.92,-0.8,57.3,79.2,101.6,55.6,97.1,36.4,52.1,66.4,36.3,59.2,25.97405914,26.82889785,23.43857527,25.65456989,72.05645161,58.48924731,62.15053763,67.08467742,26.10954301,66.76747312
2005-02-28 00:00:00,216,123.6,170.6,249.4,135.3,249.8,147.3,120.1,227,145.3,212.4,-1.16,-1.63,-1.05,-0.91,-0.55,24,36.7,43.6,30.4,56.5,51.6,33.3,79.5,26.8,62,25.81502976,26.77291667,23.03348214,25.64151515,65.10267857,53.03720238,59.5625,61.43030303,26.18794643,63.01785714
2005-03-31 00:00:00,174,124.8,149.4,269,126.4,247.1,134.9,106.2,210.8,132.1,205.8,-1.12,-1.82,-0.95,-1.12,-0.84,35.2,23.8,88.1,27.5,60.1,27.1,17.3,44.6,24.4,49.4,23.45524194,24.83454301,20.73494624,23.48596491,71.21908602,54.01478495,66.8561828,70.14189189,24.4936828,65.44892473
2005-04-30 00:00:00,67,111.4,150,259.4,115.8,226,116.1,103.2,206.1,136.7,204,-1.17,-1.83,-0.86,-1.06,-0.51,17.7,35.6,58.6,19.3,38.2,13.4,21.6,46.1,35.2,48.1,20.00180556,21.60777778,18.29722222,21.115,77.49444444,64.59861111,71.24444444,73.80694444,22.33069444,66.41527778
2005-05-31 00:00:00,107,87.7,118.7,206,93.5,174.3,91.1,79.3,157.7,105.3,156.9,-1.23,-1.83,-0.91,-1.15,-0.71,2,4,8.6,4.1,0.3,1,0,0,0.9,1.2,16.90913978,18.78239247,16.16639785,19.10403338,66.40188172,55.68951613,63.03897849,64.1006993,20.8155914,58.80645161
2005-06-30 00:00:00,29,68.9,94.1,165.2,75,137.6,71.9,62.6,124.3,82.8,123.4,-1.31,-1.89,-0.97,-1.19,-0.78,0.2,1.3,4.6,1.8,0.5,0.1,0,0,0,0,14.55277778,16.40694444,14.37958333,17.60833333,60.57361111,55.11111111,60.68055556,64.04583333,19.47958333,56.39305556
2005-07-31 00:00:00,20,56.1,74.7,135,60.1,107.8,56.6,49.2,98.2,65.2,97.3,-1.34,-1.94,-1,-1.18,-0.81,2.2,1.1,6,1.4,0,0,0,0,0,0,12.63830645,14.64475806,12.86021505,16.25739247,55.17473118,51.21370968,56.84543011,61.6733871,18.01653226,56.54166667
2005-08-31 00:00:00,31,43.4,58.9,113.7,46.2,83.2,43.8,38,76.5,50.4,75.6,-1.43,-2,-1.03,-1.25,-0.94,0.2,1.3,9.7,0,0.2,0,0,0,0,0,19.1844086,19.58413978,16.73010753,19.52352151,49.83333333,48.38575269,57.89784946,58.31586022,20.98682796,55.13709677
2005-09-30 00:00:00,123,33.4,43.9,85.5,34.6,61.7,32.7,28.4,57.8,37.7,56.9,-1.54,-2.03,-1.23,-1.38,-1.15,0.9,0,0.2,0.1,0,0,0,0,0,0,23.99333333,23.46625,19.70361795,22.1975,31.80416667,33.72638889,45.97684515,46.7875,22.97986111,49.46111111
2005-10-31 00:00:00,108,26.8,37.1,90.2,26.7,67.5,23.2,19.8,42.5,26.6,47,-1.93,-2.4,-1.48,-1.84,-2.06,2.9,6,27.8,2.2,24.6,0.3,0,1.1,0,6.4,26.75228495,25.42392473,21.14744624,23.10551075,36.99462366,38.79032258,51.95833333,54.78225806,23.09086022,57.18548387
2005-11-30 00:00:00,23,57.5,103.6,168.5,70.8,164.6,91.6,97.7,117.6,89,148.7,-1.93,-2.29,-1.26,-0.89,-1.35,39.5,79.1,106.4,53.1,120.7,76.8,84.6,89.5,72,117.8,26.31902778,25.84944444,21.79152778,24.36125,53.00416667,30.61864407,62.16805556,60.75972222,24.70763889,61.12916667
2005-12-31 00:00:00,233,182.5,143.6,311.3,112.1,163.7,145.6,107.8,136.6,89.4,154.1,0.06,-2.59,0.07,-1.43,-2.19,144.6,74.5,197.3,65.5,53.1,85.3,43,59.5,31.4,55.3,24.68266129,24.2719086,20.63467742,22.11451613,67.22043011,53.84672619,74.02956989,78.00806452,24.0030914,66.56048387
2006-01-31 00:00:00,1133,303.6,273.4,534.7,178.2,293,201.1,153.6,239.1,217.8,283.6,0.79,-1.55,0.9,-0.87,-0.69,178.7,172.8,317.6,100.3,176.1,99.3,77,143.4,154,173.8,24.38696237,25.13723118,22.24314516,23.41276882,84.41801075,53.84672619,75.3655914,81.35349462,25.41787634,71.78360215
2006-02-28 00:00:00,1015,330.6,355.6,654,274,359.1,259.1,223.8,376.8,239.3,339.5,0.55,0.12,0.92,0.49,1.38,114.9,162,274.1,147.1,150.9,114.6,113.1,208.1,86.5,138.7,23.65229202,24.65877976,21.8016369,24.74182909,86.69779287,53.84672619,77.35565476,78.9850075,25.10535714,74.67261905
2006-03-31 00:00:00,410,322.5,388.5,707.6,313.1,337.1,284.9,237.7,377.5,258,310.6,0.63,0.37,1.33,0.83,1.83,78.3,129.7,229.8,115.6,74.8,95.3,75.3,107.1,82.3,62.4,21.35390071,21.53521505,19.46129032,21.66975806,89.32269504,53.84672619,78.48790323,83.66263441,22.26209677,75.94758065
2006-04-30 00:00:00,156,258.5,303,565.1,243.1,285.5,224,182.9,298.5,197.6,250.1,0.49,0.11,1.22,0.46,1.39,13.9,13.6,36.7,11.3,30.2,11.1,5.4,16.3,4.7,14.4,18.71518987,19.87513889,17.46094421,20.46083333,82.8649789,53.84672619,72.6323319,79.7,21.19875,73.55972222
2006-05-31 00:00:00,98,208.3,244.9,463.3,196.8,227.4,178.5,145.1,239.2,159.5,197.4,0.36,0.04,1.07,0.34,1.22,5.4,8.1,22.7,7.3,5.1,3.5,1.8,5.8,4.3,1.1,13.0875,15.10537634,13.52620968,17.2547043,75.82183908,53.84672619,62.97043011,69.9905914,18.24166667,59.85483871
2006-06-30 00:00:00,8,169.6,196.1,377.7,163.8,179.9,141.6,115.8,190.6,126.6,157.4,0.41,0.03,1.11,0.35,1.22,4.3,2.1,12.1,8,0,0,0.5,0.8,0,0.4,11.44414286,14.23611111,12.03361111,15.83458333,72.16142857,53.84672619,61.86944444,71.75277778,17.13416667,61.99583333
2006-07-31 00:00:00,2,134.1,155.7,300.4,129.6,143.3,113,91.9,151.9,100.6,127.1,0.3,-0.08,0.9,0.25,1.18,0,0.1,2.3,0.2,0.9,0.6,0,0.3,0,2.3,12.82741935,15.06048387,13.34578147,16.74435484,63.64919355,53.84672619,54.84094053,62.44489247,18.33534946,53.27553763
2006-08-31 00:00:00,49,105.7,124.4,237.2,103.5,133.9,90.2,72,130,79.2,103.7,0.22,-0.17,0.71,0.19,1.65,0.8,2.1,1.9,1.6,22.1,1.7,0,10.6,0.4,4.8,15.49726776,16.18266129,13.74650538,18.15954301,56.79569892,53.84672619,55.25403226,54.58467742,18.62526882,53.1344086
2006-09-30 00:00:00,103,81,96.3,182.5,80,101.6,69,54.8,98.9,61.5,81.6,-0.3,-0.49,0.14,-0.3,0.34,0.6,1.1,0.9,0.3,1.9,0.4,0,0.1,1.1,3.6,20.24166667,20.41888889,17.43236111,20.91625,43.13333333,53.84672619,49.19166667,51.16388889,20.94486111,54.19305556
2006-10-31 00:00:00,193,62.6,84.9,145.4,71.7,116.7,69.5,40.7,93.9,46,83,-0.98,-1.04,-0.73,-1.1,-0.51,3.9,14.3,11.3,12.4,43.1,19.3,1,21.1,1.3,24.6,24.81187584,25.15967742,21.40981183,24.46841398,51.56410256,53.84672619,54,55.40456989,23.97674731,59.61290323
2006-11-30 00:00:00,141,120.6,177.1,252.4,112.6,197.9,145,108.9,185.8,116.2,134.6,-0.37,-0.25,0.13,0.03,0.52,79,119.3,152.8,63.1,118.4,98.4,82,121.6,85.6,79.4,23.79846369,24.26777778,20.77430556,24.015,69.81145251,53.84672619,68.77222222,67.94305556,24.01555556,63.625
2006-12-31 00:00:00,114,140.2,236.3,321.8,153.9,275.2,254.7,154.8,254,200.9,149.2,-0.54,-0.24,0.22,0.34,0.89,62.4,118.2,155.7,78.6,140,157.7,82.6,128.9,124.1,59,26.40376344,26.54852151,22.96929461,26.64878378,67.05645161,53.84672619,65.86445367,62.27027027,25.94086022,63.00134409
2007-01-31 00:00:00,122,151.8,215.2,304.3,141.5,244.7,220.2,137.7,211.2,164.3,145.8,-0.8,-0.9,-0.69,-0.68,-0.74,56.6,52.5,85.6,36.3,52.8,44,30.9,35.6,27.1,43.1,25.96518817,25.3422043,22.14558405,24.78545455,65.02822581,53.84672619,64.2037037,67.79865772,25.0905914,65.68548387
2007-02-28 00:00:00,158,153.8,187.7,263.9,122.6,204.6,187.7,112.6,171.9,144.4,119.5,-0.9,-1.02,-1.04,-0.99,-1.24,45.4,31.6,46.4,21.7,24.4,25.7,12.6,17.8,23.2,14.3,26.81904762,26.80089286,23.64568452,26.40104167,54.65178571,53.84672619,57.90029762,63.09077381,26.23154762,64.10416667
2007-03-31 00:00:00,90,197,185.5,322.3,191.4,194.6,188.4,136,160.5,151,119.1,-0.51,-1.13,-0.74,-0.67,-1.65,83.1,44,125.6,100,38,45.3,50.2,29.1,41.4,28.1,25.79677419,25.05403226,21.9297043,24.6202957,52.125,53.84672619,58.54704301,63.34677419,25.60430108,56.8561828
2007-04-30 00:00:00,499,163.5,196.2,287.2,161.6,184,164.7,122.1,146.7,142.3,111.9,-0.61,-0.97,-0.76,-0.7,-1.66,17.8,54.4,47.3,21.7,34.4,20.4,19.8,22.7,27.1,20.8,20.58125,20.29708333,18.50152778,21.49222222,71.82777778,53.84672619,69.60138889,75.025,22.21347222,69.03055556
2007-05-31 00:00:00,234,126.8,148.9,220.2,123.7,141.7,128,93.9,113.5,109.3,86,-0.74,-1.05,-0.87,-0.82,-1.7,0.6,0,0.2,0,0.2,0,0,0,0,0,12.98625277,15.77298387,14.67069892,17.68776882,48.64678179,53.84672619,50.03091398,59.07392473,19.59422043,47.88172043
2007-06-30 00:00:00,18,102.2,117.7,179.3,99.2,123.9,101.4,74.1,91.5,90.1,84.5,-0.78,-1.09,-0.92,-0.86,-1.71,2,0.8,5.9,1.8,12.7,0.3,0,2.2,3.9,17,13.25138889,14.02319444,12.71583333,16.53972222,53.63888889,53.84672619,57.93333333,62.52361111,18.02194444,55.30277778
2007-07-31 00:00:00,22,87.3,117.9,171.6,91.6,98.4,91.6,58.3,79.1,71.6,68.9,-0.75,-0.87,-0.72,-0.87,-1.48,6.7,25.6,30.9,13.3,3.3,12.2,0,8.1,1.2,4.7,12.03561828,12.75362903,11.8719086,15.40430108,47.85483871,53.84672619,54.95833333,59.48790323,17.03266129,51.56989247
2007-08-31 00:00:00,7,71.1,91,151,71.1,74.5,72.6,45.1,61.9,55.1,52.1,-0.79,-0.98,-0.68,-0.95,-1.6,3.6,2.4,20.9,1,0.1,3.5,0,2.6,0,0,15.9827957,16.89583333,14.65040323,17.98467742,36.37231183,53.84672619,49.1155914,54.15725806,19.36975806,46.18145161
2007-09-30 00:00:00,201,103.9,104.1,186.5,116.1,76.3,83.2,60,79.4,71.9,81.3,0.32,-0.7,0.2,-0.39,-0.75,50.2,36,74.1,62.1,21.4,29.8,26.4,34.3,30.8,42.5,23.22690141,22.74152778,19.31888412,21.94513889,34.42977528,53.84672619,49.65665236,53.78333333,22.66333333,53.02083333
2007-10-31 00:00:00,236,102.6,145.6,249.1,143.9,153.9,143.2,119.5,116.8,127.6,163.5,-0.05,0.12,0.91,1.68,0.31,29.5,72.1,116.7,62.2,101.5,85.8,78,62.7,77.9,107.2,22.4495212,21.78897849,18.39865591,20.55403226,56.45964432,53.84672619,68.5094086,76.28763441,21.5155914,66.84811828
2007-11-30 00:00:00,119,205.8,245.3,311.3,204.8,253.1,224.3,163.9,231.3,159.9,204.7,1.3,0.97,1.03,1.52,1.61,133.4,144.9,137.2,103.3,149.5,127.3,82.8,152.4,73.3,91.9,24.14842407,22.56666667,20.21888412,23.28194444,57.21037868,53.84672619,70.23462089,71.10277778,23.50180556,67.93194444
2007-12-31 00:00:00,255,363.6,311.5,463.2,268.8,280.9,219.7,230.2,302,210.3,262.7,3.07,1.04,2.15,2.35,2.02,220.3,139.8,241.4,123.3,104.4,63.3,114.5,141.5,97.6,115.8,23.39851552,22.53779762,20.06303763,21.9702957,67.69905533,72.21327014,74.53763441,84.17876344,23.17123656,72.7688172
2008-01-31 00:00:00,249,309.1,302.1,532.6,270,429.8,239.1,239.1,389.1,263.7,477.4,0.85,-0.12,0.88,0.88,2.04,52.1,76.9,200.5,75.7,224.6,76.9,73.2,170.7,111.4,286,23.56424731,24.00362903,21.47836022,23.03481183,72.38037634,70.73521505,72.94354839,82.27016129,24.23172043,71.6922043
2008-02-29 00:00:00,295,266.2,294.9,491.4,241.7,377.1,207.4,191,321.9,215.4,377.3,0,-0.31,0.09,0.05,0.66,34.1,69,100.5,41,65.6,29.3,13.3,36.9,22.4,34.8,24.02251185,25.59238506,22.43304598,24.43012048,61.21563981,52.05890805,61.4612069,66.57814871,25.16867816,61.87356322
2008-03-31 00:00:00,1195,236.2,253,440.6,199.9,391.9,218.9,156.9,301.4,217.6,410.3,-0.17,-0.65,-0.12,-0.38,0.58,31.7,29.9,69.5,16.5,105.7,60,9.3,54.2,52.6,121.5,22.17386364,23.48051075,20.38575269,21.6538358,69.79734848,62.77284946,71.62768817,79.07267833,24.17768817,64.9811828
2008-04-30 00:00:00,498,203,238.1,364.4,178.4,316.5,184.7,131.4,252.1,181.3,323.7,-0.15,-0.53,-0.2,-0.48,0.43,19.3,42.8,25.3,22.5,19.3,18.5,8,19.7,15.3,13.1,17.93555556,19.91722222,17.48319444,19.47055556,61.71388889,53.95138889,64.11944444,71.78888889,21.05902778,62.89722222
2008-05-31 00:00:00,246,160.5,186.2,289.6,140.5,272.3,151.7,108.8,207.9,150.5,273,-0.25,-0.6,-0.28,-0.41,0.46,1.8,2.8,4.7,1.9,25,8.6,5.3,10.6,9.2,19.5,15.93943472,18.27567204,16.26209677,18.83400538,63.57258065,56.75403226,61.66666667,69.99731183,20.52163978,59.3266129
2008-06-30 00:00:00,62,126.1,147.7,235.8,109.8,214.4,118,85,162.8,117.5,214.9,-0.27,-0.61,-0.26,-0.41,0.35,0.2,2.2,8.7,0.1,2.2,0,0,0,0,1.5,12.79103641,15.30847222,13.86333333,16.81861111,56.56582633,51.68472222,58.42916667,68.65833333,18.34583333,57.48888889
2008-07-31 00:00:00,37,98.5,115,192.7,87.8,167.9,91.2,65.5,127.2,92.9,168.1,-0.31,-0.66,-0.26,-0.43,0.24,0.8,0.9,10.7,3.2,0.3,0,0,0.4,1.5,0,12.94200542,14.66276882,13.39327957,16.88655914,50.87127371,50.40322581,53.34408602,61.06586022,18.11760753,50.7983871
2008-08-31 00:00:00,16,75,91.1,157.8,65.7,129.4,69,48.7,96.7,70.5,129.2,-0.36,-0.7,-0.26,-0.47,-0.03,1,3.9,12.7,0.3,0.4,0,0,0,0,0,17.99918589,18.42432796,16.23615591,18.44513032,37.59837178,40.57258065,50.82795699,59.04389575,19.92043011,52.19354839
2008-09-30 00:00:00,197,53.4,67.5,118.9,46.5,98.1,49.8,34,72.7,51.3,95.6,-0.63,-0.88,-0.51,-0.72,-0.5,0,1.6,4.7,0.1,2.2,0,0,2.4,0,0,21.91305556,21.52694444,18.93847222,21.47721519,30.74861111,36.80833333,47.25833333,52.72714487,21.63402778,49.30694444
2008-10-31 00:00:00,129,38.6,87.2,113.8,45.7,131.1,79.4,39.8,85.2,48.6,86.8,-1.14,-0.9,-0.79,-0.83,-0.6,3.1,41.2,31.4,14.7,62.6,46,18.4,35.8,13.6,19.8,26.82002688,25.66787634,21.37862903,23.2805668,34.21639785,40.72043011,54.95967742,58.54166667,23.30524194,57.13709677
2008-11-30 00:00:00,131,79,163.4,212.2,138.7,194.3,182.9,96.4,187.9,145,192,-0.97,-0.52,-0.3,-0.25,0.57,56.8,106.7,137.1,110.2,107.1,130.8,72,133.4,113.4,134.6,26.05,24.89736111,21.33083333,23.06916667,50.404,60.49166667,73.16666667,74.64861111,23.90777778,68.88611111
2008-12-31 00:00:00,92,168.8,206,274,139.4,291.8,169.5,127.1,205.8,171.2,218,-0.14,-0.84,-0.33,-0.35,-0.25,119.3,95.4,133,47.2,159.7,44.4,63.4,80.2,74.6,91,26.97896552,25.56155914,22.35080645,24.50336022,54.69655172,60.47580645,69.19758065,70.10080645,24.8094086,70.13709677
2009-01-31 00:00:00,198,244.2,274.5,390.1,294.6,385,211.4,249.2,307.8,256.9,327.4,0.14,-0.53,-0.11,1.03,0.77,127.6,128.1,198.3,194.6,182.1,88.1,159.3,161.9,135.8,176.5,25.55991561,25.05483871,22.61209677,24.19838493,67.23488045,72.53091398,77.37096774,81.57258065,25.08494624,77.78225806
2009-02-28 00:00:00,287,214.2,321.5,455.7,275.9,374.3,247.1,214.1,321.9,227.6,323,-0.44,-0.27,-0.12,0.36,0.66,39.4,123.1,175.7,67.2,96.9,92.4,36.7,100.2,42.8,88.9,24.3796748,24.25104167,21.56205357,23.40059524,68.30081301,69.5639881,75.08035714,78.33333333,24.3796131,75.70535714
2009-03-31 00:00:00,582,206.9,272.9,451.8,247.9,342.1,228.8,210.1,283.2,230.4,299.9,-0.45,-0.61,-0.1,0.41,0.28,45.1,35.7,116.4,41.2,62.6,46.4,47.9,43.8,58.7,60.2,21.82957359,22.06344086,19.8797043,21.40456989,68.70247934,73.52688172,72.82123656,78.38037634,22.50510753,75.79301075
2009-04-30 00:00:00,148,165.3,215.3,366.3,198.1,263.8,184.2,162,217.6,175.3,230.8,-0.63,-0.83,-0.23,0.06,-0.29,7,5.8,25,7.7,1.6,9.9,1.5,0,0.1,1.6,19.89497207,20.19958333,18.22722222,20.00944444,55.29189944,58.59722222,61.61805556,71.10416667,21.15541667,65.31666667
2009-05-31 00:00:00,145,149.4,184.6,308.8,166,224.5,169.9,132.6,187.6,150.5,194.4,-0.5,-0.75,-0.22,0.05,-0.02,19.2,14.7,22.9,9.7,16.2,25.6,4.5,15.3,12.1,12.2,16.19204852,17.23400538,15.55497312,18.1172043,58.47708895,62.57392473,65.63172043,69.35080645,19.78521505,62.90053763
2009-06-30 00:00:00,71,123.2,156.6,282.5,159.9,194.4,146.5,114.6,166.6,141.9,186.4,-0.49,-0.69,0.13,0.32,0.47,6.5,11.6,40.4,29,17.8,14.8,9.6,19.1,23.6,33.1,14.0125,14.8425,13.55527778,16.77833333,57.92638889,59.52083333,59.19444444,61.3375,18.39138889,53.53888889
2009-07-31 00:00:00,28,99.5,132.9,232.3,126.2,152.8,115.9,89.4,130.2,112.2,144.6,-0.54,-0.66,0.07,0.17,0.36,3.2,11.1,14.2,3.4,2,2.8,0,1.3,3.2,1.4,11.01380244,13.00228495,11.39448925,14.01448468,51.65629229,53.6827957,58.97446237,66.50767085,16.00483871,56.4327957
2009-08-31 00:00:00,11,77,103.7,181.1,97.6,127.7,89.7,69.1,101.6,86.2,115.4,-0.65,-0.74,-0.13,0.07,0.22,0.1,2.2,2.1,0.4,10.2,0.6,0,1.5,0,3.9,15.58252688,16.28534946,14.42379032,17.08508065,45.06451613,46.44086022,53.82258065,55.79032258,18.61854839,55.66397849
2009-09-30 00:00:00,78,59.5,79.4,147.6,77.3,98.9,81.9,54.4,95.2,73.7,115.8,-0.86,-0.87,-0.4,-0.32,0.21,1.3,1.9,9.9,3.5,4.4,14.6,2.6,19.3,8.8,29.1,22.28235294,22.06694444,19.19777778,19.89333333,38.95798319,41.62916667,52.09305556,59.00972222,22.08361111,53.07777778
2009-10-31 00:00:00,178,46.7,72.7,152.3,67.3,166.6,94.5,62.5,135.8,101.1,135.7,-1.33,-1.22,-0.58,-0.32,1,4,16.1,44.5,11.7,96.8,36.5,24.1,69.1,48.6,53.7,23.60296736,24.4530914,20.57486559,21.89317872,54.03857567,51.30510753,60.63978495,62.36065574,23.09905914,61.41801075
2009-11-30 00:00:00,109,137.5,216.3,337.5,168.8,232.9,196.5,100.4,214.6,110.3,194.8,-0.35,0.47,1.43,-0.18,1.21,106.7,167.7,232.4,123.6,121,132.1,59.2,123,42.3,102.1,24.52733224,25.86063676,20.05888889,21.16541667,53.33770492,60.60781476,69.72222222,68.33472222,23.09666667,66.00555556
2009-12-31 00:00:00,224,132.3,224,354.5,174.4,263.5,227,152.7,257.6,149.7,275.9,-0.94,-0.4,0.66,0.28,0.97,41.5,78.5,124.7,60.8,103.3,91.5,85.5,109.4,73.3,141.2,25.98545953,28.26854839,21.94556452,21.35282258,57.14128944,66.19892473,70.77150538,76.03629032,24.99650538,69.91935484
2010-01-31 00:00:00,420,142.5,292.8,399.8,172,310.6,272.7,143.3,282.7,168.2,314.5,-1.13,-0.23,-0.03,-0.59,0.38,48.8,133.3,147.3,49.4,122.7,110.4,38.1,99.5,63.4,120.3,25.57361299,28.67311828,21.93655914,21.19457917,64.45196211,65.18145161,71.52956989,77.93982808,24.95645161,70.48655914
2010-02-28 00:00:00,210,185.1,249.1,422.9,190.7,281.3,223.7,114.2,238.5,141.4,263.7,-0.84,-0.63,-0.25,-0.99,-0.42,80.6,37.5,132,63.8,54.4,25.2,8.4,31,18.8,34.2,25.6319403,29.05877976,21.98005952,21.72278861,58.11641791,59.58333333,69.78571429,76.55022489,25.64732143,67.87797619
2010-03-31 00:00:00,153,166.7,240,380.4,162.5,268.8,211.5,101.3,273,160.4,271.4,-0.94,-0.77,-0.44,-1.21,0.11,31.2,50.1,66,20.6,55.5,40.4,13.4,90.1,53.1,70,25.06008065,28.46048387,21.11854839,22.32096774,56.15725806,58.36424731,71.10080645,78.05107527,24.98776882,69.75806452
2010-04-30 00:00:00,423,208.9,356,487.6,281.9,307.5,307.4,132.1,346.8,224.5,372.9,-0.39,0.64,0.66,-0.56,2.39,82.1,172,196.6,156.8,101.7,144.9,53.2,141,104,166.3,20.03764368,23.40708333,17.45986111,18.89194444,76.19252874,81.25972222,84.85138889,87.33194444,21.76652778,78.72916667
2010-05-31 00:00:00,120,161.2,267.1,380.1,209.8,256.5,251.9,105.6,282.9,201,302.8,-0.54,0.29,0.4,-0.62,2.27,5.8,5.4,17.8,5.1,25.6,25.8,7.1,26.1,36.4,27.8,16.74466937,20.56155914,15.83561828,17.5108871,69.60593792,70.28091398,73.63709677,81.59811828,19.80537634,73.65994624
2010-06-30 00:00:00,30,126.5,210.2,309.5,167.8,197.7,193.2,81.6,217.6,152.3,232.4,-0.63,0.24,0.4,-0.7,2.06,1,2.9,15.2,5.9,0.1,0,0,0.1,0,0,11.39111111,14.32013889,11.74888889,14.11402778,60.56111111,58.94722222,64.00277778,72.83888889,15.9425,63.40694444
2010-07-31 00:00:00,9,105.3,168.6,271.9,135.3,154.4,151.7,64.6,170.5,119.2,182.2,-0.65,0.14,0.55,-0.72,1.89,5.7,3.7,30.5,3.9,0,0.4,0.8,0,0,0,13.53951613,15.37271505,11.94180108,14.17594086,53.06586022,51.63037634,65.50672043,75.62096774,16.50658602,65.79032258
2010-08-31 00:00:00,4,82,131.3,212.9,106.4,119.3,118.1,49.8,132.6,93.3,141.9,-0.74,0,0.35,-0.81,1.78,0.2,0,4.2,0.9,0,0,0,0,0,0,16.05444744,17.50188172,14.0436828,16.40766129,43.86927224,43.84946237,57.99865591,66.10483871,18.22069892,56.59408602
2010-09-30 00:00:00,108,64.6,101.2,167.8,84.2,92.8,89.8,37.3,100.7,71.7,108,-0.92,-0.4,-0.1,-1.02,0.41,1.9,0.8,6,2.5,3.1,0,0,0,0,0,21.92782194,22.7875,18.50708333,20.61305556,35.44674086,34.83379888,51.50972222,58.02916667,21.8,51.75416667
2010-10-31 00:00:00,442,49.5,98.9,141.6,68.5,118.9,100.3,41.6,109.9,72.6,101.6,-1.35,-0.8,-0.72,-1.2,0.07,2,24.7,18.3,6,52.8,34.6,15.2,36.4,19.2,22.2,26.46,26.71397849,20.9436828,22.86223118,33.25441176,32.45295699,56.52419355,58.89919355,22.6391129,58.10483871
2010-11-30 00:00:00,130,85.9,173.6,240.2,112.1,163.1,152,85.2,169.1,110.3,142.7,-1.35,-0.28,-0.01,-0.89,0.13,51.8,105.9,141.4,64.1,82.2,83.3,57.5,93.3,58.7,72.2,25.53041667,25.68041667,20.36958333,22.11938111,50.97638889,52.99444444,72.04444444,75.47126437,23.72541667,66.30277778
2010-12-31 00:00:00,506,174.7,296.1,395.8,191.7,305.8,215.9,102.9,253.8,150.9,243.6,-0.66,0.79,1.23,-1.32,0.88,116.3,177.3,230.9,114.5,193.4,111.3,45.4,137.6,74.8,146.6,25.03300199,26.05871157,21.18494624,23.88623549,57.9582505,56.72035139,74.65053763,70.69595782,24.22741935,73.64516129
2011-01-31 00:00:00,542,237.1,543,676.7,249.8,337.2,265,259.3,317.8,258.4,317.7,0.06,2.11,1.88,1.19,0.93,116.8,336.8,400.8,116.4,124.3,113.3,185.9,139.8,152.3,149,22.49554367,25.10739247,21.57849462,23.2547043,54.55510753,67.37903226,79.72043011,81.20564516,23.89946237,77.94489247
2011-02-28 00:00:00,216,199.3,407.3,521.2,195,288.6,222.8,192.2,253.1,194.9,261.4,-0.57,0.48,0.25,0.06,-0.23,30.6,23.3,42.6,16.7,43.2,31.5,10.1,24.5,12.2,34.2,24.2577381,25.45089286,20.94181548,23.12916667,60.5218254,53.84672619,71.9985119,70.47767857,23.5389881,70.80059524
2011-03-31 00:00:00,366,174.5,375.4,464.7,192.8,281,197.4,159.8,243.8,160.9,257.9,-0.73,0.27,0.01,-0.33,-0.31,24.5,65.9,69.6,45.7,62.6,30.1,13.5,53.1,14.1,62.1,24.04039735,26.39462366,22.14233871,24.48696237,58.8785872,49.98252688,64.47849462,64.45698925,24.77392473,68.49327957
2011-04-30 00:00:00,636,149.7,402,501.9,176.6,278.8,257.7,179.4,289.6,150.9,273.4,-0.78,1.1,0.76,0.4,1.2,16.1,115.3,146.1,32.2,65.6,108.1,55.4,105.5,27.6,80,19.75184136,21.79263889,17.81930556,20.59277778,70.95325779,62.48194444,75.90972222,74.01111111,20.80277778,74.98055556
2011-05-31 00:00:00,126,139.4,328.9,400.5,147.4,224.8,207,136.6,224.6,121.8,218.5,-0.6,1,0.56,0.14,0.86,22.4,22.9,19.4,11.4,12,15.4,0.2,7.7,5.5,11.7,15.6579096,19.11603774,15.81626344,18.44959677,65.30084746,50.0458221,65.03091398,65.05510753,18.49139785,68.1922043
2011-06-30 00:00:00,32,111.2,258.9,316.2,116.3,180.2,162.6,108.5,179.7,98.5,176.9,-0.66,0.95,0.47,0.14,0.88,3.2,2.2,3.5,1.2,4.5,2.3,0.9,4.4,2.7,6.1,11.36942393,14.57694444,12.61319444,15.36666667,51.90694239,43.13194444,52.2875,55.52777778,15.54,55.15277778
2011-07-31 00:00:00,7,90.7,210.7,277.7,94.2,145.7,129.9,85.6,143.3,77.2,138.8,-0.69,0.88,0.62,0.04,0.86,3.8,6.9,29.4,2.9,4.6,2.4,0,2.4,0,0,10.758,13.96706989,11.62392473,14.28283784,46.72727273,41.6061828,55.30376344,62.86216216,14.67405914,62.09543011
2011-08-31 00:00:00,7,70.8,177.6,228.3,76.7,133.5,115.5,66.6,127.7,62.8,112.7,-0.79,1.03,0.58,-0.04,1.53,0.8,14,15,3.8,21.2,14.5,0,16.4,3.2,4.5,15.7349345,17.26599462,13.76129032,16.11061828,40.75836972,40.31182796,55.77284946,60.03897849,16.39072581,58.9327957
2011-09-30 00:00:00,53,53.4,136.7,180.1,58.6,105.8,92.1,50.3,95.5,46.8,85.4,-1.01,0.36,0.1,-0.46,0.22,0,3,8.1,1.1,7.1,5.4,0,0,0.1,0.1,22.49554367,22.94319444,18.79708333,20.37983193,30.17468806,28.80277778,45.45138889,49.26507714,21.03791667,49.81527778
2011-10-31 00:00:00,109,74.1,145.2,205,99.9,129.5,157.3,101.1,149.1,100.4,115.1,-0.87,0.11,0.21,1.02,1.48,35.7,45.8,73.8,57.8,53.7,90.2,65.1,79.6,67.5,53,21.66885813,24.76962366,19.64569892,22.30107527,39.15224913,41.12634409,59.35215054,58.31586022,22.09919355,61.91935484
2011-11-30 00:00:00,95,99.8,158.7,259.5,122.1,131.8,154.5,116.5,127.7,102.9,111.1,-0.97,-0.54,0.23,0.2,-0.86,50.4,59.8,119.3,55.1,43.3,46.4,48.8,25.8,36,33,25.89009288,26.13888889,20.70763889,23.64444444,45.00619195,47.46527778,64.37638889,62.29027778,23.64152778,64.81944444
2011-12-31 00:00:00,119,130,212.9,289.7,146,232.7,215.3,171.9,259.4,207,185.2,-1.04,-0.5,-0.22,0.79,1.01,62.8,106.3,113.3,62.1,142.2,105.7,91.3,169.7,135.7,109.4,25.13242812,25.11626344,20.36451613,23.49072581,61.25239617,61.18951613,71.08198925,68.45295699,24.04959677,67.78091398
2012-01-31 00:00:00,609,138.8,279.3,386.8,186.8,273.9,219.9,237.8,266.1,211,226.7,-1.21,-0.26,-0.11,0.86,0.12,47.7,133.8,184.4,83.1,111.6,66.9,118,85.7,67.2,98.7,25.57728495,26.28064516,21.73695652,24.46562074,59.25403226,56.60080645,66.38858696,66.13717421,24.16962366,71.72177419
2012-02-29 00:00:00,182,151.4,224,352.7,161.4,264.5,181.4,185.6,229.3,182.7,207.5,-1.14,-0.74,-0.6,-0.03,-0.54,49.5,23.5,73.8,25.7,66,19.4,13.5,34.4,26.7,44.2,26.48649425,27.18821839,22.72514368,24.85344828,53.62068966,52.46264368,61.94252874,67.48563218,25.5216954,69.87356322
2012-03-31 00:00:00,167,123.3,210.2,301.2,132.9,281.6,204.8,162.1,223.4,171,209.1,-1.35,-0.91,-0.86,-0.29,-0.67,10.8,41.5,37.7,10.9,84.2,67,19.8,50.2,31.2,54.4,23.88802153,25.88266129,21.11182796,24.1327957,54.5935397,46.50403226,59.5,60.25672043,24.1811828,66.18145161
2012-04-30 00:00:00,32,96.3,169.5,260.5,105.8,237.2,158.1,125.4,172.8,132.3,158.7,-1.53,-1.11,-0.91,-0.58,-1.1,1.2,10.5,30.6,2.7,26.1,5.9,0.1,3.9,0.8,1.5,19.53569444,21.41763889,17.2,20.01777778,54.84722222,46.70694444,58.31805556,60.26527778,19.61027778,67.73333333
2012-05-31 00:00:00,35,76.1,133,206.7,83.6,183.6,123.2,99.7,135.9,104.6,124.9,-1.57,-1.11,-0.94,-0.61,-1.14,0.3,0.6,4.4,0.1,0.1,0,0,0,0,0.1,16.53224044,19.11021505,16.37110215,18.77258065,46.81557377,40.47177419,49.35215054,57.30913978,19.06223118,61.90456989
2012-06-30 00:00:00,9,60.3,105.2,163.9,66.2,145,97,79.1,107.3,82.8,99.1,-1.64,-1.14,-1,-0.6,-1.17,0.1,0.2,1.7,0.2,0.2,0,0,0,0,0.1,13.01013889,15.74,13.08180556,16.20638889,44.8,40.21111111,47.2625,52.13055556,16.52111111,53.5625
2012-07-31 00:00:00,4,47.1,82.7,128.4,51.5,113.9,75.5,61.8,83.8,64.6,78,-1.71,-1.18,-1.07,-0.6,-1.15,0,0.4,0.9,0,0,0,0,0,0,0,13.72136054,15.64287634,13.13427419,16.33104839,42.75782313,41.9233871,49.04435484,52.68682796,16.21787634,56.85887097
2012-08-31 00:00:00,4,36.1,63.7,100.4,38.8,88,57.2,46.8,63.7,49,60,-1.79,-1.26,-1.15,-0.65,-1.29,0.2,0.6,2.3,0,0.1,0,0,0,0,0,17.85854643,18.38010753,15.88991935,18.55591398,32.34724092,32.18682796,39.15725806,42.90591398,18.80241935,44.83736559
2012-09-30 00:00:00,17,38.4,119.3,142.5,45.4,152.3,61.3,42.6,119.6,79.9,82.9,-1.71,-0.39,-0.64,-0.61,1.13,12.1,72.4,68.6,17.6,86.3,19.8,9,73.1,44.6,38.5,21.51236111,21.94513889,17.45555556,20.19013889,37.41527778,41.25694444,54.99722222,59.96388889,20.15402778,61.925
2012-10-31 00:00:00,73,45.1,154.5,176.9,83.9,194.8,112.7,91.1,181.4,128.5,151.5,-1.86,0.31,-0.5,0.66,2.64,19.4,73.4,79.5,54,89.6,71.5,63.2,100.7,75.1,94.8,24.24717742,23.90712366,18.64139785,21.7780914,45.00806452,50.20698925,61.53091398,63.07392473,21.78978495,65.87231183
2012-11-30 00:00:00,94,50.9,153.2,191.8,92.5,214.4,140.5,97.7,183.3,153.6,195.8,-2.26,-0.63,-0.89,-0.32,0.46,21.1,46.2,70.2,36.3,78.3,64.2,37.5,58,65.9,92.2,25.68027778,25.22694444,19.53847222,22.87722222,45.74305556,48.42916667,60.24166667,61.14722222,22.77583333,64.55277778
2012-12-31 00:00:00,25,80.6,211,234.1,130.1,251.9,143.2,124.5,238.5,209.5,228,-2.36,-0.68,-1.18,-0.48,0.52,46,101.8,99.1,65.4,99.8,45.1,57.1,108.1,101.6,90.6,24.1452957,25.14946237,20.07983871,24.36612903,63.52284946,58.87365591,63.00537634,62.58602151,24.16424731,68.58736559
2013-01-31 00:00:00,102,361.3,443.8,754.8,419.6,283,254.1,256.2,291.3,227.4,248.2,1.43,1.19,2.42,1.14,0.51,305.2,292.9,587.9,327.1,101,149.8,167.8,118.8,76.6,83.3,26.2469086,25.97392473,20.13884409,23.84852151,56.91129032,61.64247312,68.41801075,72.32123656,24.0077957,74.30510753
2013-02-28 00:00:00,114,271.2,362,601.2,319.4,250.1,229.9,186.4,251.1,180.1,223.3,0.05,0.17,0.65,-0.02,-0.26,21.9,46.8,74.6,26.2,42,47.9,4.1,37,11.4,39.4,26.50818452,26.39821429,20.1172619,23.82693452,52.1860119,53.30357143,66.27380952,70.0327381,24.12217262,72.68452381
2013-03-31 00:00:00,245,209.4,300.4,509.8,283.8,237,211.2,161.1,259.6,170.3,209.2,-0.41,-0.3,0.25,-0.32,-0.11,3.4,25.4,54.7,40.3,47.2,38.6,17.3,67.8,30.5,38.9,24.53629032,24.24556452,18.07889785,22.56424731,52.80645161,56.23521505,67.78763441,68.96102151,22.72889785,71.92607527
2013-04-30 00:00:00,236,197.2,328.2,503.3,281.4,256.5,217.9,171.1,276.2,178.3,228.2,-0.25,0.36,0.77,0.24,0.92,31.9,93.8,107.4,61.3,74.9,55.6,45.1,78.4,46.4,67,19.98722222,21.08875,17.04513889,19.34541667,57.3875,57.12777778,67.40555556,70.16944444,19.66458333,71.40277778
2013-05-31 00:00:00,55,154.2,252.1,393.1,217.3,198.9,168.3,130.8,218.4,135.6,172.7,-0.4,0.12,0.51,0.01,0.71,0.2,2.2,5.5,0.7,5.1,2.2,0,9.6,0,0,15.57392473,17.4547043,15.01908602,17.29166667,53.25,53.16532258,57.35887097,63.67746914,17.57419355,68.08870968
2013-06-30 00:00:00,9,122.5,200.5,310.9,173,154.6,132,102.9,169.6,105.9,134.9,-0.46,0.09,0.42,-0.03,0.56,0,2.8,1,1.3,0,0,0,0,0,0,13.50125,15.40611111,12.93333333,16.53337969,50.25833333,51.125,52.7,58.88595271,16.62736111,60.35
2013-07-31 00:00:00,17,98.1,162.2,262.6,138.7,120.2,103.8,80.7,132.1,82.2,105,-0.5,0.03,0.44,-0.1,0.43,1.2,5.4,17.7,2.3,0.1,0.2,0,0,0,0,13.90327422,15.86169355,12.28602151,16.13615591,47.59072306,47.94354839,55.68145161,61.15322581,16.88198925,61.79569892
2013-08-31 00:00:00,9,78.1,136,214.2,108.3,93.4,80,62,101.3,62.2,80.4,-0.55,0.1,0.37,-0.17,0.2,2,11.6,12.5,0.8,2,0,0,0.2,0,0.4,16.725,17.78760108,13.98548387,17.93351279,36.50403226,38.49865229,49.65591398,55.17765814,18.43373656,56.71639785
2013-09-30 00:00:00,60,69.6,104.3,183.9,86.2,76.9,59.9,45.9,75.9,44.8,62.1,-0.58,-0.34,0.16,-0.51,-0.52,11.1,4,24.1,4.8,9,0.3,0,1.3,0,3.4,23.11236111,23.48513889,19.14819444,20.93319444,30.53055556,31.65138889,44.57916667,52.63611111,21.79430556,52.825
2013-10-31 00:00:00,145,79.3,121,188.1,77.7,187.7,75,56.5,119.3,61.8,123,-0.63,-0.37,-0.06,-0.46,0.4,30.1,46,56,16.1,133.8,32.6,24.6,65.4,31.4,80.2,24.66814516,24.24301075,18.025,20.95551075,38.90456989,40.45967742,56.21774194,60.41801075,21.62688172,60.24731183
2013-11-30 00:00:00,224,105.4,168.9,247.4,127,255.1,132.7,70.7,167.6,74.6,175.9,-0.76,-0.34,0.05,-0.94,0.09,52,86,117.9,74.5,127.6,82.1,33.1,86.3,33.9,93.2,26.77361111,27.19888889,19.6625,23.68611111,40.98472222,40.15277778,58.71805556,60.90138889,23.61402778,62.80277778
2013-12-31 00:00:00,197,153.9,307.8,343.2,140,346.5,216.5,135.3,288.9,162.9,246.7,-0.53,0.98,0.51,-0.19,1.71,83.9,193.5,176.5,56.5,167.1,126.4,88.3,173.5,112.5,124.4,25.11424731,25.19556452,20.1094086,22.15201613,56.53494624,58.50403226,72.96774194,74.91801075,22.63991935,74.01612903
2014-01-31 00:00:00,575,248.1,322.8,526.2,226.6,330,231.7,168.2,260.7,168.7,239.1,0.18,0.07,0.84,-0.21,0.04,144,111.2,292.4,132.3,81.5,81.5,76.1,58.4,56,63.4,26.62862903,26.00650636,21.33817204,23.92836022,53.24596774,58.7029703,72.21505376,72.64650538,24.50833333,72.37365591
2014-02-28 00:00:00,126,247.8,297.9,535.3,236,291.9,224.4,188.9,255.2,142.8,255.8,-0.15,-0.28,0.32,0.02,-0.21,70.2,61.4,159.3,74.8,45.4,55.1,67.1,61.7,19.1,78.3,25.81160714,25.73993902,21.12797619,23.16488095,56.51785714,58.09603659,69.15625,75.6889881,24.17529762,71.20238095
2014-03-31 00:00:00,339,277.3,500,609.1,309.3,404.2,266.3,261.1,368.4,324.2,349,0.21,1.21,0.8,1.17,1.68,92.3,275,211.7,135.2,181.1,97.8,121.6,176.8,215.6,157.9,22.7938172,23.32485465,19.95524194,22.70658602,72.72715054,73.11482558,76.46370968,76.77150538,23.45416667,75.03225806
2014-04-30 00:00:00,485,215.3,388.9,510.3,243.4,322.8,225.3,210.2,313.7,252.1,277.3,-0.02,0.97,0.82,0.98,1.7,7.7,26.5,56.6,16.2,24.6,27,19,44,20.7,20.9,19.25902778,20.32708333,17.08763889,20.29902778,62.11388889,66.29583333,66.56805556,68.41388889,20.83472222,68.9375
2014-05-31 00:00:00,438,168.7,301,399.4,189.8,250.3,175,162.6,240.8,194,214.9,-0.19,0.68,0.56,0.73,1.26,0.1,0.6,4.6,0.8,0.4,0.8,0.1,0.3,0.3,0.1,16.01935484,17.53018868,15.21478495,18.18521505,58.85080645,61.06738544,58.10080645,64.89247312,19.42930108,63.72715054
2014-06-30 00:00:00,46,134,237.9,316.2,150.4,197.2,138.3,128.9,190,153.5,169.8,-0.24,0.64,0.47,0.73,1.2,0,0,0.8,0,0,0,0,0,0.1,0,12.70722222,14.65744681,12.53930556,16.51555556,49.32777778,55.06373938,50.59444444,56.55,17.23388889,53.10277778
2014-07-31 00:00:00,33,106.2,188.8,250.3,119.3,154.9,109.2,102.3,150,121.9,133.9,-0.31,0.5,0.29,0.6,1.11,0.2,0.5,0.7,0,0.2,0,0,0,0,0,12.90349462,14.6047043,11.90040323,16.02446237,43.90860215,49.15725806,50.34005376,55.47446237,20.30013441,53.50403226
2014-08-31 00:00:00,69,85.6,152.5,199.5,93.7,121.1,84.8,80.3,117.3,96,103.8,-0.33,0.47,0.15,0.56,1.01,3,5,4.4,0.2,2.1,0,0,0.5,0.1,0,17.43615591,18.03857527,14.69932796,18.47607527,33.98521505,36.90725806,41.57526882,47.31586022,19.96451613,47.14919355
2014-09-30 00:00:00,271,64.2,118,156.3,71.6,89.7,63.8,61.5,88.8,73.8,78,-0.63,-0.04,-0.28,-0.02,-0.03,0,2.2,5.4,0.1,0.3,0,0,0.2,0,0.1,22.60486111,22.5964539,18.38208333,20.76708333,29.52916667,33.01134752,43.5625,50.45833333,22.11875,49.8375
2014-10-31 00:00:00,558,51.5,106.6,130.1,60.5,111.7,60.9,48.5,78.4,69.9,70.3,-1.12,-0.61,-0.86,-0.8,-0.94,5.5,20.7,17,8.3,49.6,15.6,3.6,14.7,15.4,15,24.68091398,24.37822581,19.00228495,21.45873656,34.84005376,36.91263441,52.52150538,52.43413978,21.52069892,57.34274194
2014-11-30 00:00:00,218,74.1,130.5,149.9,93.5,166.7,76.1,68.5,133.4,103.6,131.9,-1.24,-0.89,-1.21,-1.03,-0.61,39.8,57.6,61.5,52.6,92.3,35.9,35.2,80.5,55,84.8,24.80388889,24.81312849,20.30458333,22.94458333,49.225,51.66480447,60.78055556,61.27361111,23.13972222,63.27083333
2014-12-31 00:00:00,138,218.8,199.7,238.8,203.3,281.5,194.5,169.9,318.3,188.3,249.6,0.66,-0.69,-0.77,0.74,2.4,171,113.2,141,141.4,168.6,144.7,125.2,229.7,118.8,161.7,25.64005376,25.12483131,20.6516129,24.14704301,56.86962366,62.43184885,70.41532258,69.13306452,24.06733871,70.51747312
2015-01-31 00:00:00,454,190.3,181.6,235.9,160.8,288.7,176.2,133.2,305.8,172.3,263.9,-0.45,-1.15,-1.06,-0.75,0.74,43,45,76.7,23.2,92.1,43.7,18.4,86.8,42.5,91.5,26.1311828,26.17149254,21.17177419,24.78776882,55.43817204,57.56801196,67.10215054,67.99865591,25.1405914,67.90725806
2015-02-28 00:00:00,924,184.2,192.2,222,154.8,262.1,157.7,126.2,298.6,152.5,226.6,-0.7,-0.96,-1.21,-0.81,0.36,45,62.2,54.6,37.1,51.7,29.3,29.1,75.9,27.7,36,27.27083333,28.04598214,21.68154762,25.01041667,47.57589286,50.86160714,63.74255952,65.73809524,25.97886905,62.54761905
2015-03-31 00:00:00,966,198.2,183.2,230.9,168.7,244.7,151.7,147.5,267.9,153.8,197.3,-0.53,-1.09,-1.2,-0.49,0.03,60.2,45,68.1,53.7,48.5,33.4,54,46,41.7,27,25.3172043,26.27446237,20.5047043,23.56989247,51.34677419,54.07123656,60.90322581,62.27150538,25.06155914,60.4327957
2015-04-30 00:00:00,342,175.7,182.6,215.6,151.3,232.6,145.7,141.8,262.6,137.7,179.8,-0.53,-1.03,-1.22,-0.32,0.64,25.8,43.7,42,24.1,44.8,29.7,31.4,56.7,20.9,26.7,21.22138889,22.66097222,17.13263889,20.82902778,57.30972222,61.775,68.94722222,71.34722222,22.11625,68.22083333
2015-05-31 00:00:00,53,136.2,142.5,167.6,117.8,180.6,112.2,108.2,202.2,106.5,139.9,-0.67,-1.06,-1.27,-0.5,0.32,0.3,3.2,2.3,1.1,1.4,0.1,0,0.3,0,0,17.87607527,20.62232747,16.51738544,19.80739247,46.70833333,47.28687415,53.77867746,58.58870968,21.44798387,56.44489247
2015-06-30 00:00:00,19,107.9,112.6,133.5,93.3,142.5,90.6,85.9,159.8,85.1,110.8,-0.74,-1.11,-1.35,-0.53,0.26,0.2,0.7,1.5,0.3,0.3,2,0.6,0.1,0.9,0.1,13.59430556,16.56291667,12.42180556,16.3602719,47.33333333,47.83333333,56.52222222,53.49162861,18.18805556,49.5
2015-07-31 00:00:00,10,86.6,90.2,107.1,73.5,113.7,71.7,67.8,127.2,67.7,87.4,-0.79,-1.15,-1.4,-0.57,0.24,1.4,1.6,2,0,1.8,0.6,0,1.2,0.8,0.3,14.92570659,17.26733871,14.56344086,17.31496503,42.88559892,45.49596774,62.94141689,53.3697479,18.78669355,52.73521505
2015-08-31 00:00:00,23,67.5,70,84.9,57,90.6,55.4,52.9,98.5,52.2,67.2,-0.88,-1.25,-1.49,-0.65,0.06,0.3,0.1,1.9,0,3.2,0,0,0,0,0,18.79986559,20.65483871,16.25174731,19.11027778,33.10752688,36.90725806,52.33467742,51.47638889,20.57862903,50.96505376
2015-09-30 00:00:00,61,113.2,96.9,145.5,76.1,90.2,64.7,59.4,90.2,48.7,81.1,0.58,-0.8,-0.87,-0.33,0.02,62.4,44,81.5,33.3,23.1,23.2,19.3,16.3,9.8,31.4,23.39013889,23.71305556,17.40875,19.99652778,37.43333333,42.69861111,55.42916667,62.42916667,21.14222222,61.32083333
2015-10-31 00:00:00,94,82.6,106.3,126.5,62.4,94.8,59.6,76.9,107.5,54,82.1,-0.56,-0.97,-1.29,0.15,-0.02,4,38.5,25.2,9.5,32.4,14.6,34.9,44.2,20.1,26.7,27.44193548,27.8997195,20.87083333,23.30497312,31.83870968,36.40673212,50.06048387,56.18951613,24.35241935,52.24327957
2015-11-30 00:00:00,19,104.7,124.6,154.9,87.2,108.1,96.7,92.7,129.1,76.2,93.3,-0.79,-1.34,-1.55,-0.45,-0.77,46.4,50.5,65.1,44.2,44.3,56.1,40.1,57.5,40.4,38.5,27.27019499,27.50319444,21.27011173,24.07611111,30.95682451,35.57083333,46.26117318,51.93611111,24.32,49.92777778
2015-12-31 00:00:00,59,102.3,145.5,168.9,97.8,202.5,92.5,92.9,146,89.8,124.6,-1.31,-2.02,-2.14,-1.32,-1.56,30.5,58.1,60.2,38.6,129.2,27.4,28.9,59.4,38.6,61.6,29.18965054,29.49731183,22.85336022,26.68483607,42.96505376,47.56048387,55.94489247,56.39617486,27.10510753,54.61290323
2016-01-31 00:00:00,128,117,151.9,191,122.4,210.7,96.6,113.3,156.3,121.9,186.7,-1.31,-1.78,-1.77,-1.09,-1.55,42.9,47.3,69,52.2,69.9,29.7,45.7,53,58.2,98.9,28.11478495,28.73803763,21.54973118,25.49018817,44.61673414,47.59677419,56.77419355,57.78225806,25.89516129,55.52419355
2016-02-29 00:00:00,119,135.8,164.3,219,122.2,231.7,116.4,185.2,176.2,148,188.6,-1.16,-1.49,-1.62,-0.09,-1.23,50.8,53,79.4,33.9,77.7,45.3,103,62.6,60.3,54.6,28.2762931,29.01192529,22.97543103,26.05517241,46.8045977,50.7112069,60.97701149,58.80028736,26.40043103,56.25287356
2016-03-31 00:00:00,68,227.5,358.4,362.2,177.8,239.3,164.9,183.9,244.4,168.5,252.5,-0.36,0.14,-1,0.02,-0.43,128,236.6,200.9,87.3,67.6,79.4,51.3,114.6,60.4,112.1,24.37567204,26.12139973,21.67553763,24.19946237,59.16532258,62.0551817,65.07526882,68.48387097,25.21008065,63.96370968
2016-04-30 00:00:00,93,168.7,262.7,268.9,133,183.8,125.9,138,198.4,128.1,200.6,-0.67,-0.3,-1.32,-0.39,-0.72,4.6,7.6,7.2,3.1,3.8,5.6,0.7,19.9,2.9,14.7,22.72194444,24.56805556,19.3975,22.06055556,53.57638889,51.29722222,61.57083333,64.54444444,23.65736111,56.49583333
2016-05-31 00:00:00,58,139.9,227,244.1,117.5,152.5,110.9,122.6,160.3,106.5,183.5,-0.7,-0.2,-1.19,-0.19,-0.75,9.4,24.5,36.1,14.1,8.2,13.4,14.2,7.4,6.2,28.1,17.27113821,19.56209677,14.42096774,17.56451613,56.93495935,53.19758065,64.41263441,66.32123656,19.21075269,57.42473118
2016-06-30 00:00:00,18,115.3,179.8,199.4,93.4,122.2,91.7,97.3,132,90.8,150.7,-0.72,-0.27,-1.26,-0.22,-0.71,6,3.3,10.8,2.1,2.2,5.6,1.7,6.3,7,8.7,14.23938356,17.13555556,12.95875,16.66083333,53.29794521,55.83194444,60.43888889,63.07916667,18.49069444,52.45416667
2016-07-31 00:00:00,6,98.3,149.6,168,75.8,103.5,71.4,76.4,107,71,121.4,-0.69,-0.29,-1.28,-0.3,-0.69,8.3,8.2,12.7,2.6,7.8,0,0,3.7,0.1,3.9,17.78421053,16.35524194,12.03225806,16.02782258,31.75789474,45.5,52.99462366,56.38306452,17.37876344,48.58602151
2016-08-31 00:00:00,11,75.9,116.9,130.3,58.5,79.7,55.4,59.3,82.9,55.2,94.2,-0.8,-0.43,-1.4,-0.39,-0.86,0.5,0.6,1,0,0.6,0,0,0,0,0,17.80612245,19.84395161,14.97311828,18.28400538,30.4585034,33.26344086,41.96908602,48.79301075,19.41357527,45.04166667
2016-09-30 00:00:00,42,63.1,106,110.3,44.9,63.2,42.6,44.8,63.5,42.4,76.4,-0.92,-0.44,-1.46,-0.67,-1.09,5.7,16.5,11.3,0.7,3.7,0.6,0.1,0.7,0.6,4.5,24.15819444,24.71416667,18.06152778,21.48805556,30.14583333,35.38611111,51.04722222,52.54305556,22.45236111,49.04305556
2016-10-31 00:00:00,88,52.9,99.2,99.1,41.9,77.5,50.2,40.5,90.8,49.5,125.5,-1.35,-0.89,-1.78,-1.11,-0.94,5.8,20.9,17,8.8,32.4,18.9,8,44.4,18.7,69,26.69126344,27.32419355,20.66572581,23.82271505,33.77956989,37.3077957,51.06989247,50.0672043,23.2063172,52.75672043
2016-11-30 00:00:00,26,106.2,176.5,168,97.1,259.4,96.8,78.8,159.5,94.2,177.9,-1.04,-0.46,-1.7,-0.9,-0.52,68.5,105.3,97,68.1,207.1,62.2,51,97,60.4,90.9,25.99472222,27.58833333,20.55944444,24.56236111,50.59861111,51.08194444,64.98472222,59.39166667,24.025,61.84861111
2016-12-31 00:00:00,179,280.4,255.9,351.3,175,277.2,178.2,172.5,254.1,137,203.6,1.68,0.13,0.62,0.81,0.89,207.6,133.8,235.3,109.2,101.8,111.6,119.4,144.1,73,79.6,26.75645161,27.65131761,20.59408602,24.23534946,52.55645161,54.01941748,69.97580645,68.34185734,24.81895161,64.11424731
2017-01-31 00:00:00,1027,409.2,375.1,587.7,242.5,309.5,197,326.3,337.5,202.1,323.4,1.95,0.56,1.26,2.21,1.23,215.9,195.2,344.2,120.7,109.6,72.5,208,158.7,106.4,178,25.17298387,26.16491935,20.60739247,23.19260753,62.89247312,63.16129032,73.4516129,75.9905914,24.29274194,68.3844086
2017-02-28 00:00:00,802,405.9,423.4,656.2,232.7,315.3,185.6,285.9,314.2,234.3,353.9,1.19,0.59,0.93,1.33,0.56,114.1,156.8,240.5,59.1,87.6,42.7,56.8,71.5,90.2,123,24.47702703,24.66254355,21.1485119,23.36919643,69.64864865,68.7804878,71.95386905,76.48065476,25.0641369,66.32589286
2017-03-31 00:00:00,1839,344.3,343.7,536.7,190.5,264.6,157.3,227.4,264.8,186.3,304.7,0.83,0.03,0.4,0.67,-0.03,42.9,35.2,55.9,17.2,27.7,18.3,12.7,29.7,14.4,44.5,23.5530914,23.61008065,20.2766129,22.56344086,61.36962366,59.63978495,66.18145161,71.21102151,24.16639785,62.72983871
2017-04-30 00:00:00,2995,296.5,311.7,494.7,166.7,234.3,139.3,194.4,245.6,176.8,290.5,0.94,0.19,0.71,0.68,0.29,30.3,46.4,80.5,18.5,28.7,17.3,16.4,40.3,32.3,56.9,20.73875,21.045,17.87083333,20.05944444,64.42916667,61.95138889,68.81388889,74.00416667,21.85402778,64.5125
2017-05-31 00:00:00,2682,242.7,272.8,405.2,134.4,226.9,136,154.4,224.4,143.3,256.2,0.84,0.36,0.6,0.55,0.86,10.8,31.2,22.3,4.2,44.4,27.6,1.5,34.1,6.7,33.3,15.88306452,17.82876344,15.19637097,18.04274194,61.75806452,53.28897849,60.08333333,65.12903226,19.58360215,57.52553763
2017-06-30 00:00:00,221,191.5,212.4,318.6,106.2,174.1,104.4,122.8,173.5,112.6,198.4,0.8,0.27,0.5,0.56,0.68,0,0,0.1,0,0,0,0,0,0,0,13.91902778,15.68930556,13.11111111,16.85593668,56.88333333,53.61527778,58.025,59.61477573,18.34819444,50.93472222
2017-07-31 00:00:00,216,151.8,172.6,255.6,83.7,135.8,89.4,100.5,135.9,93.8,157.5,0.7,0.21,0.35,0.54,0.57,0.6,5.5,3.8,0.1,0.3,7.7,3.4,0,5,1.7,14.45581081,16.21626344,13.51774194,17.734375,52.42297297,51.84811828,57.24731183,55.47933884,18.51908602,52.63037634
2017-08-31 00:00:00,539,129.1,137.3,204.6,64.8,105.4,68.4,78,105.2,72.5,122.7,0.91,0.13,0.22,0.46,0.4,11.1,3.6,5.3,0,1,0,0.4,0,0,0.4,17.32253129,17.86330645,14.87069892,18.61478495,40.65368567,40.9516129,51.86962366,53.45698925,19.00282258,48.29973118
2017-09-30 00:00:00,1679,108.5,107.7,168.9,48.4,98,51.4,58.3,84.5,54.7,96.7,0.45,-0.27,-0.08,-0.15,-0.2,12.2,4.2,13.9,0,19.7,0,0,5.6,0,3.9,23.18805556,22.43111111,18.89944444,20.80724382,33.79305556,37.01805556,49.82916667,57.40106007,21.19125,58.23333333
2017-10-31 00:00:00,1639,127,135.3,173.9,70.3,148.5,81.3,84.4,117.7,69.5,144.9,0.58,-0.07,-0.2,0.42,0.35,49.7,57.5,52,36.5,80.3,44.6,43.4,57.9,30.2,75.3,24.37123656,23.9436828,19.78723118,22.85616438,40.3561828,41.31182796,55.77150538,57.84931507,20.73077957,65.83602151
2017-11-30 00:00:00,361,123.8,152.5,194.3,86.1,168.1,110.3,88.7,141,79.5,134.1,-0.4,-0.56,-0.56,-0.57,-0.54,38.7,61.1,76.7,40.3,68.9,55.8,33.5,62.3,33,35.4,25.81458333,24.82055556,20.32361111,22.38658147,36.95416667,40.15,56.24861111,57.80602007,22.00444444,62.50694444
2017-12-31 00:00:00,1225,143.6,179.2,242.4,87.4,270.3,141.1,132.7,215.7,121.1,165.9,-0.5,-1.06,-0.66,-0.17,0.02,61.4,75.7,113.7,30.1,152.5,65.6,74.4,119.8,67.5,72.7,26.05672043,26.00739247,21.76491935,20.30377358,51.00403226,48.55645161,62.95698925,66.55525606,22.2702957,61.50134409
